,,,,,,,מפה 1,,מפה 5,,מפה 4 - עירוניים בלבד,מפה 2,מפה 3,הפרש 5-1,מפת ההשתתפות של המדינה בתקציב הרשויות
שם  הרשות,,מעמד מוניציפלי,שיטת חישוב שטח ברשות,"אשכול חברתי-כלכלי (1 נמוך, 10 גבוה)   ",סמל הרשות,"סה""כ  אוכלוסייה בסוף השנה (אלפים)",תעריף נורמטיבי למגורים,תעריף ממוצע למגורים לפי נתוני החיוב למגורים,תעריף בפועל לפי סקר תעריפי הארנונה של המרכז לשלטון מקומי,שטח ממוצע לדירה (נטו),מדד יוקר הארנונה,תעריף מלאכה ותעשייה נדרש,תעריף עסקים אחרים נדרש,,"השתתפות המדינה לתושב תקציב הכולל (ש""ח לתושב לשנה)"
אבו גוש,abu_gosh,מועצה מקומית,ברוטו-ברוטו,2,0472,6.8,43.91,37.39,50.21,108.20,712.64,47.77,95.55,6.31,4681.00
אבו סנאן,abu_snan,מועצה מקומית,ברוטו,3,0473,13.2,44.79,32.92,38.68,113.00,534.70,39.83,79.65,-6.11,4355.00
אבן יהודה,even_yehuda,מועצה מקומית,ברוטו-ברוטו,8,0182,13,58.17,42.81,57.50,145.00,704.27,90.64,181.27,-0.67,1289.00
אום אל-פחם,um_al_fahem,עירייה,ברוטו-ברוטו,2,2710,51.4,43.91,32.68,43.90,86.37,677.36,49.08,98.16,-0.01,3841.00
אופקים,ofakim,עירייה,ברוטו-ברוטו,3,0031,25.3,44.79,38.28,51.50,71.48,1078.34,43.52,87.05,6.72,3937.00
אור יהודה,or_yehuda,עירייה,ברוטו-ברוטו,5,2400,35.9,47.97,44.91,60.50,84.36,1258.62,81.21,162.44,12.53,2294.00
אור עקיבא,or_akiva,עירייה,ברוטו-ברוטו,4,1020,16.8,45.69,36.59,49.19,77.17,928.14,56.10,112.18,3.51,3718.00
אורנית,oranit,מועצה מקומית,ברוטו-ברוטו,8,3760,8.1,58.17,37.11,49.77,140.42,549.43,86.11,172.22,-8.40,3756.00
אזור,azor,מועצה מקומית,ברוטו-ברוטו,6,0565,12,50.37,49.05,66.10,93.67,1355.61,95.54,191.11,15.73,1573.00
אילת,eilat,עירייה,ברוטו-ברוטו,5,2600,48.9,47.97,36.78,49.43,82.80,881.03,24.65,49.30,1.46,3220.00
אכסאל,iksal,מועצה מקומית,ברוטו-ברוטו,2,0478,13.4,43.91,32.89,44.19,82.97,711.39,22.55,45.11,0.28,3361.00
אל-בטוף,al_batuf,מועצה אזורית,ברוטו,1,65,7.3,39.52,33.05,38.87,,,35.89,71.78,-0.65,5448.00
אלונה,alona,מועצה אזורית,ברוטו-ברוטו,7,45,2.2,47.60,36.37,48.90,,,65.56,131.12,1.30,5076.00
אליכין,elyahin,מועצה מקומית,ברוטו-ברוטו,5,0041,3.4,47.97,42.13,56.70,110.66,878.12,63.04,126.06,8.73,3817.00
אלעד,elad,עירייה,ברוטו-ברוטו,2,1309,43.6,43.91,42.43,57.18,83.27,1145.56,55.69,111.38,13.27,2701.00
אלפי מנשה,alfe_menashe,מועצה מקומית,ברוטו-ברוטו,8,3750,7.6,58.17,42.47,56.99,125.54,793.66,86.11,172.22,-1.18,3335.00
אלקנה,elkana,מועצה מקומית,ברוטו-ברוטו,8,3560,3.9,58.17,41.57,55.79,138.62,693.80,86.11,172.22,-2.38,3852.00
אעבלין,ieblin,מועצה מקומית,ברוטו-ברוטו,3,0529,12.5,44.79,32.82,44.08,89.79,659.07,62.62,125.25,-0.71,2621.00
אפרת,efrat,מועצה מקומית,ברוטו-ברוטו,7,3650,8.1,52.89,40.94,55.01,144.70,646.93,63.65,127.29,2.12,5724.00
אריאל,ariel,עירייה,ברוטו-ברוטו,5,3570,18.4,47.97,35.41,47.56,89.54,764.01,61.26,122.53,-0.41,3448.00
אשדוד,ashdod,עירייה,ברוטו-ברוטו,5,0070,218,47.97,40.20,54.08,83.58,1032.68,74.41,148.80,6.11,2157.00
אשכול,eshkol,מועצה אזורית,ברוטו-ברוטו,6,38,12.8,45.33,32.68,43.88,,,48.96,97.93,-1.45,12572.00
אשקלון,ashkelon,עירייה,ברוטו,5,7100,126.8,47.97,34.31,40.30,81.30,784.88,64.70,129.39,-7.67,2536.00
באקה אל-גרביה,baka_al_rarbiya,עירייה,ברוטו-ברוטו,3,6000,27.5,44.79,34.39,44.79,116.48,565.63,,,0.00,3569.00
באר טוביה,beer_tuvya,מועצה אזורית,ברוטו-ברוטו,6,33,21.9,45.33,34.44,46.27,,,64.70,129.39,0.94,3590.00
באר יעקב,beer_yaakov,מועצה מקומית,ברוטו-ברוטו,6,2530,17.6,50.37,36.21,48.62,94.86,756.51,81.14,162.26,-1.74,1906.00
באר שבע,beer_sheva,עירייה,ברוטו-ברוטו,5,9000,201.1,47.97,41.88,56.37,76.22,1205.90,48.96,97.93,8.40,2290.00
בוסתן אל-מרג',Bustan_el_Marj,מועצה אזורית,#VALUE!,2,66,7.3,39.52,,,,,41.31,82.64,-39.52,
בועיינה-נוג'ידאת,bueyne_nujidat,מועצה מקומית,ברוטו-ברוטו,2,0482,8.9,43.91,33.68,45.26,88.27,703.25,35.89,71.78,1.35,4834.00
בוקעאתא,bukata,מועצה מקומית,ברוטו,2,4001,6.2,43.91,32.74,38.46,100.74,589.31,22.18,48.57,-5.45,3783.00
ביר אל-מכסור,bir_al_maksur,מועצה מקומית,ברוטו-ברוטו,2,0998,8.5,43.91,32.57,43.76,83.91,690.84,40.19,80.36,-0.15,4351.00
בית אל,beit_el,מועצה מקומית,ברוטו-ברוטו,5,3574,6,47.97,43.60,58.72,91.58,1109.84,52.07,104.15,10.75,6496.00
בית אריה,beit_arye,מועצה מקומית,ברוטו-ברוטו,7,3652,4.5,52.89,40.13,53.93,102.39,858.71,74.88,149.75,1.04,5145.00
בית ג'ן,bet_jan,מועצה מקומית,ברוטו-ברוטו,2,0480,11.3,43.91,32.93,44.23,85.54,693.29,34.85,69.69,0.32,5288.00
בית דגן,beit_dagan,מועצה מקומית,ברוטו-ברוטו,7,0466,7.1,52.89,36.87,49.51,117.04,644.77,99.17,198.32,-3.38,1631.00
בית שאן,bet_shean,עירייה,ברוטו-ברוטו,4,9200,17.3,45.69,36.01,48.41,84.99,826.97,40.13,80.27,2.72,4871.00
בית שמש,beit_shemesh,עירייה,ברוטו-ברוטו,3,2610,98.1,44.79,38.16,51.30,82.49,947.18,54.60,109.19,6.52,1973.00
ביתר עילית,beitar_ilit,עירייה,ברוטו-ברוטו,1,3780,46.9,43.91,36.58,49.20,84.56,855.80,47.65,95.30,5.29,3315.00
בני ברק,bnei_brak,עירייה,נטו,3,6100,178.3,44.79,59.20,61.90,72.49,2323.11,97.67,195.35,17.12,2711.00
"בני עי""ש",bnei_ayish,מועצה מקומית,ברוטו-ברוטו,5,1066,6.9,47.97,37.05,49.77,67.39,1067.17,77.01,154.03,1.80,3010.00
בני שמעון,bnei_shimon,מועצה אזורית,ברוטו-ברוטו,7,41,8.5,47.60,32.17,43.17,,,59.84,119.69,-4.43,6094.00
בנימינה-גבעת עדה*,binyamina_givat_ada,מועצה מקומית,ברוטו-ברוטו,8,9800,14.5,58.17,44.81,60.21,103.68,1047.33,77.13,154.25,2.04,1878.00
"בסמ""ה",basma,מועצה מקומית,ברוטו,2,1326,8.7,43.91,35.06,41.23,103.20,657.92,49.08,98.16,-2.67,3243.00
בסמת טבעון,basmat_tivon,מועצה מקומית,ברוטו-ברוטו,2,0944,7.3,43.91,32.82,44.09,86.65,680.99,41.31,82.64,0.19,4393.00
בענה,baana,מועצה מקומית,ברוטו-ברוטו,2,0483,7.8,43.91,32.68,43.90,88.65,661.46,,,-0.01,2986.00
ברנר,brener,מועצה אזורית,ברוטו-ברוטו,8,28,7.5,52.35,32.78,43.95,,,54.77,109.52,-8.40,4744.00
בת ים,bat_yam,עירייה,ברוטו,5,6200,128.5,47.97,57.49,67.96,64.87,2388.18,44.81,89.60,19.99,2192.00
ג'דיידה-מכר,jdeyde_maker,מועצה מקומית,ברוטו-ברוטו,2,1292,19.7,43.91,32.70,43.93,102.08,580.79,34.85,69.69,0.02,3469.00
ג'ולס,julis,מועצה מקומית,#VALUE!,3,0485,6,44.79,,,,,39.83,79.65,-44.79,
ג'לג'וליה,jaljulya,מועצה מקומית,ברוטו-ברוטו,2,0627,9.2,43.91,33.09,44.44,90.36,665.32,29.63,59.24,0.53,3903.00
ג'סר א-זרקא,jiser_a_zarka,מועצה מקומית,ברוטו-ברוטו,1,0541,13.7,43.91,32.73,43.97,100.73,589.10,34.85,69.69,0.06,4181.00
ג'ש (גוש חלב),jish_gush_halav,מועצה מקומית,ברוטו-ברוטו,5,0487,3,47.97,32.70,43.90,71.08,807.93,44.81,89.60,-4.07,5274.00
ג'ת,jat,מועצה מקומית,ברוטו-ברוטו,3,0628,10.9,44.79,34.63,45.10,106.99,621.06,,,0.31,4663.00
גבעת זאב,givat_zeev,מועצה מקומית,ברוטו-ברוטו,5,3730,15.1,47.97,44.13,59.44,98.55,1064.52,44.81,89.60,11.47,3046.00
גבעת שמואל,givaat_shmuel,עירייה,ברוטו-ברוטו,8,0681,24.7,58.17,53.38,71.88,92.79,1596.46,62.98,125.94,13.71,1659.00
גבעתיים,givatayim,עירייה,ברוטו-ברוטו,8,6300,56.8,58.17,61.06,82.39,68.12,2556.82,62.98,125.94,24.22,1434.00
גדרה,gedera,מועצה מקומית,ברוטו-ברוטו,6,2550,25.8,50.37,40.13,53.95,104.05,846.47,44.81,89.60,3.59,2352.00
גדרות,gderot,מועצה אזורית,ברוטו-ברוטו,8,32,5,52.35,45.83,61.68,,,54.77,109.52,9.33,2706.00
גולן,golan,מועצה אזורית,ברוטו-ברוטו,6,71,15.1,45.33,32.68,43.89,,,44.81,89.60,-1.44,7942.00
גוש עציון,gush_etzion,מועצה אזורית,ברוטו-ברוטו,5,76,21.2,43.17,36.48,49.08,,,38.09,76.16,5.91,6732.00
גזר,gezer,מועצה אזורית,ברוטו-ברוטו,7,30,24.9,47.60,34.84,46.80,,,84.29,168.57,-0.80,2087.00
גן יבנה,gan_yavne,מועצה מקומית,ברוטו-ברוטו,6,0166,21.8,50.37,35.58,47.77,113.38,619.85,65.46,130.92,-2.60,1946.00
גן רווה,gan_rave,מועצה אזורית,ברוטו-ברוטו,8,27,5.5,52.35,34.27,45.97,,,108.25,216.49,-6.38,1993.00
גני תקווה,gane_tikva,מועצה מקומית,ברוטו-ברוטו,8,0229,15.6,58.17,45.33,60.91,114.59,978.24,118.40,236.81,2.74,1889.00
דאלית אל-כרמל,dalyat_al_carmel,מועצה מקומית,ברוטו-ברוטו,3,0494,16.6,44.79,33.61,43.91,102.56,609.77,,,-0.88,3251.00
דבורייה,daburiya,מועצה מקומית,ברוטו-ברוטו,2,0489,9.7,43.91,32.86,44.15,92.52,642.67,41.17,82.34,0.25,3174.00
דייר אל-אסד,dir_al_asad,מועצה מקומית,ברוטו-ברוטו,2,0490,11.5,43.91,32.70,43.92,94.86,622.03,,,0.01,4122.00
דייר חנא,deir_hana,מועצה מקומית,ברוטו-ברוטו,3,0492,9.6,44.79,33.86,45.50,90.64,693.73,55.35,110.71,0.72,3411.00
דימונה,dimona,עירייה,ברוטו-ברוטו,4,2200,33.2,45.69,35.36,47.52,72.16,923.15,55.35,110.71,1.84,3736.00
דרום השרון,drom_hasharon,מועצה אזורית,ברוטו-ברוטו,8,20,30.2,52.35,32.85,44.06,,,102.96,205.92,-8.30,3206.00
הגלבוע,hagilboa,מועצה אזורית,ברוטו-ברוטו,5,08,28.3,43.17,36.04,48.48,,,45.15,90.31,5.31,5169.00
הגליל העליון,hagalil_haelyon,מועצה אזורית,ברוטו-ברוטו,6,01,17,45.33,32.68,43.88,,,34.75,69.49,-1.45,5474.00
הגליל התחתון,hagalil_hatahton,מועצה אזורית,ברוטו-ברוטו,7,03,11.3,47.60,33.09,44.42,,,55.78,111.56,-3.18,3573.00
הוד השרון,hod_hasharon,עירייה,ברוטו-ברוטו,8,9700,54.1,58.17,44.22,59.40,103.54,1022.87,102.96,205.92,1.23,1904.00
הערבה התיכונה,haarava_hatihona,מועצה אזורית,ברוטו-ברוטו,7,54,3.1,47.60,35.95,48.32,,,102.96,205.92,0.72,4523.00
הר אדר,har_adar,מועצה מקומית,ברוטו-ברוטו,9,3769,3.8,66.90,47.08,63.23,192.25,647.85,81.68,163.37,-3.68,2111.00
הר חברון,har_hebron,מועצה אזורית,נטו,5,78,7.2,43.17,33.09,34.38,,,52.07,104.15,-8.79,13087.00
הרצלייה,hertseliya,עירייה,נטו,8,6400,90.7,58.17,57.98,60.39,103.25,1699.50,99.26,198.54,2.22,2047.00
זבולון,zvulun,מועצה אזורית,ברוטו-ברוטו,6,12,12.9,45.33,33.21,44.61,,,52.93,105.87,-0.72,4733.00
זכרון יעקב,zihron_yaakov,מועצה מקומית,ברוטו-ברוטו,8,9300,22,58.17,43.14,57.95,105.10,962.73,77.13,154.25,-0.23,2190.00
זמר,zemer,מועצה מקומית,ברוטו-ברוטו,3,1290,6.4,44.79,32.69,43.91,102.17,580.08,56.03,112.06,-0.87,2946.00
זרזיר,zarzir,מועצה מקומית,ברוטו,2,0975,7.2,43.91,34.38,40.41,145.79,456.08,41.31,82.64,-3.50,3528.00
חבל אילות,hevel_eielot,מועצה אזורית,ברוטו-ברוטו,5,53,3.7,43.17,72.70,99.01,,,24.65,49.30,55.84,9945.00
חבל יבנה,hevel_yavne,מועצה אזורית,ברוטו-ברוטו,7,29,6.4,47.60,34.71,46.61,,,94.13,188.25,-0.99,3420.00
חבל מודיעין,hevel_modiin,מועצה אזורית,ברוטו-ברוטו,7,25,22.8,47.60,35.50,47.69,,,84.29,168.57,0.09,2702.00
חדרה,hadera,עירייה,ברוטו-ברוטו,5,6500,86.8,47.97,40.78,54.88,81.71,1081.63,72.57,145.14,6.91,1874.00
חולון,holon,עירייה,נטו,5,6600,187.3,47.97,59.59,62.25,77.33,2241.33,95.54,191.11,14.28,1935.00
חוף אשקלון,hof_ashkelon,מועצה אזורית,ברוטו-ברוטו,6,36,15.6,45.33,36.08,48.50,,,64.70,129.39,3.17,5759.00
חוף הכרמל,hof_hacarmel,מועצה אזורית,ברוטו-ברוטו,8,15,28.5,52.35,33.02,44.28,,,65.56,131.12,-8.08,2692.00
חוף השרון,hof_hasharon,מועצה אזורית,ברוטו-ברוטו,8,19,14.4,52.35,39.17,52.61,,,90.64,181.27,0.25,1635.00
חורה,hura,מועצה מקומית,#VALUE!,2,1303,18.8,43.91,37.10,,,,38.08,76.17,-43.91,6188.00
חורפיש,hurfeish,מועצה מקומית,ברוטו-ברוטו,3,0496,6,44.79,33.15,44.53,107.83,566.40,33.86,67.70,-0.26,5018.00
חיפה,haifa,עירייה,נטו,7,4000,277.1,52.89,62.37,65.12,77.93,2412.06,76.11,152.23,12.23,1868.00
חצור הגלילית,hatsor_haglilit,מועצה מקומית,ברוטו-ברוטו,3,2034,8.8,44.79,35.11,47.18,80.47,827.79,30.89,61.77,2.40,4978.00
חריש,harish,מועצה מקומית,#VALUE!,7,1247,1,52.89,,,,,,,-52.89,
טבריה,tverya_tiberias,עירייה,ברוטו-ברוטו,4,6700,42.3,45.69,34.83,46.80,79.15,827.16,40.57,81.14,1.11,3011.00
טורעאן,turan,מועצה מקומית,ברוטו,3,0498,13,44.79,32.68,38.40,110.46,538.70,41.02,82.04,-6.39,4545.00
טייבה,taybe,עירייה,#VALUE!,3,2730,40.2,44.79,,,,,65.92,131.83,-44.79,3077.00
טירה,tira,עירייה,ברוטו-ברוטו,3,2720,24.4,44.79,32.67,43.87,108.85,545.75,65.92,131.83,-0.91,2909.00
טירת כרמל,tirat_karmel,עירייה,ברוטו-ברוטו,4,2100,18.9,45.69,32.70,43.90,62.61,901.59,47.05,94.11,-1.78,3873.00
טמרה,tamra,עירייה,ברוטו-ברוטו,3,8900,31.7,44.79,33.13,44.50,104.75,581.45,39.94,79.86,-0.29,3870.00
יאנוח-ג'ת,yanuh_jat,מועצה מקומית,ברוטו-ברוטו,3,1295,6.2,44.79,32.90,44.18,94.81,629.51,39.94,79.86,-0.60,5340.00
יבנאל,yavneel,מועצה מקומית,ברוטו-ברוטו,4,0046,4.1,45.69,41.31,55.64,109.83,851.39,40.57,81.14,9.95,3896.00
יבנה,yavne,עירייה,ברוטו-ברוטו,5,2660,39.7,47.97,44.36,59.74,83.31,1243.52,77.01,154.03,11.77,2526.00
יהוד,yehud_monoson,עירייה,ברוטו-ברוטו,7,9400,28.5,52.89,48.44,65.25,94.50,1314.73,102.96,205.92,12.36,1265.00
יואב,yoav,מועצה אזורית,ברוטו-ברוטו,7,35,7.8,47.60,33.41,44.86,,,79.08,158.15,-2.74,4750.00
יסוד המעלה,yesud_hamaala,מועצה מקומית,ברוטו-ברוטו,8,0029,1.7,58.17,42.33,56.83,138.95,717.03,42.47,84.93,-1.34,2693.00
יפיע,yafia,מועצה מקומית,ברוטו-ברוטו,3,0499,17.9,44.79,32.78,44.02,92.85,637.35,48.26,96.51,-0.76,3600.00
יקנעם עילית,yokneam_ilit,עירייה,ברוטו-ברוטו,6,0240,21.1,50.37,36.29,48.74,76.85,917.27,53.12,106.25,-1.63,3783.00
ירוחם,yeroham,מועצה מקומית,ברוטו-ברוטו,4,0831,9,45.69,35.89,48.23,64.77,1040.26,25.78,51.55,2.55,5558.00
ירושלים,jerusalem_yerushalayim,עירייה,נטו,4,3000,849.8,45.69,72.21,75.73,74.84,3175.26,73.87,147.73,30.05,2618.00
ירכא,yirka,מועצה מקומית,ברוטו-ברוטו,2,0502,16,43.91,32.68,43.90,83.42,699.04,34.85,69.69,-0.01,3330.00
כאבול,kabul,מועצה מקומית,ברוטו,2,0504,13,43.91,32.80,38.55,116.45,515.93,34.94,69.88,-5.36,3644.00
כאוכב אבו אל-היג'א,kawkab_abu_al_hija,מועצה מקומית,ברוטו-ברוטו,2,0505,3.2,43.91,32.09,43.09,91.17,622.37,34.94,69.88,-0.81,8689.00
כוכב יאיר,kohav_yair,מועצה מקומית,ברוטו-ברוטו,9,1224,9.1,66.90,53.08,71.36,135.54,1135.31,95.47,190.94,4.46,1586.00
כסיפה,kseyfe,מועצה מקומית,ברוטו,2,1059,18.6,43.91,32.15,37.77,200.30,293.19,38.08,76.17,-6.14,2678.00
כסרא-סמיע,Kisra_Sume'a,מועצה מקומית,ברוטו-ברוטו,2,1296,8,43.91,32.70,43.93,104.95,565.77,34.85,69.69,0.02,4130.00
כעביה-טבאש-חג'אג'רה,kaabiya_tabash_hajajre,מועצה מקומית,ברוטו,3,0978,4.8,44.79,37.01,43.55,105.05,718.43,47.22,94.44,-1.24,4360.00
כפר ברא,kafar_bara,מועצה מקומית,ברוטו-ברוטו,3,0633,3.3,44.79,38.46,51.72,119.72,684.82,63.65,127.30,6.94,4950.00
כפר ורדים,kfar_vradim,מועצה מקומית,ברוטו-ברוטו,9,1263,5.5,66.90,51.70,69.50,153.09,964.72,59.75,119.47,2.59,5719.00
כפר יאסיף,kfar_yasif,מועצה מקומית,ברוטו-ברוטו,4,0507,9.4,45.69,33.67,45.22,100.59,623.18,39.83,79.65,-0.46,3659.00
כפר יונה,kfar_yona,עירייה,ברוטו-ברוטו,7,0168,21.2,52.89,38.23,51.34,103.62,774.17,90.64,181.27,-1.55,3103.00
כפר כמא,kfar_kama,מועצה מקומית,ברוטו-ברוטו,4,0508,3.1,45.69,32.99,44.30,81.86,723.98,65.92,131.83,-1.39,4127.00
כפר כנא,kfar_kana,מועצה מקומית,ברוטו-ברוטו,2,0509,20.8,43.91,37.13,49.96,104.95,723.42,42.22,84.45,6.05,3160.00
כפר מנדא,kfar_manda,מועצה מקומית,ברוטו-ברוטו,2,0510,18.1,43.91,32.58,43.76,84.62,685.99,34.94,69.88,-0.14,4617.00
כפר סבא,kfar_saba,עירייה,ברוטו-ברוטו,8,6900,94.2,58.17,46.89,63.04,98.78,1190.54,102.96,205.92,4.87,2405.00
כפר קאסם,kafar_kasem,עירייה,ברוטו-ברוטו,3,0634,21.4,44.79,37.05,49.83,130.52,587.08,34.48,68.97,5.04,3366.00
כפר קרע,kafar_kara,מועצה מקומית,ברוטו-ברוטו,4,0654,17.4,45.69,32.96,44.27,91.20,655.00,56.10,112.18,-1.42,3177.00
כפר שמריהו,kfar_shmaryahu,מועצה מקומית,ברוטו-ברוטו,10,0267,1.9,76.93,49.54,66.45,293.83,474.05,108.28,216.59,-10.48,1655.00
כפר תבור,kfar_tavor,מועצה מקומית,ברוטו-ברוטו,8,0047,3.6,58.17,48.22,64.85,112.98,1114.43,55.78,111.56,6.68,3625.00
כרמיאל,karmiel,עירייה,ברוטו-ברוטו,5,1139,44.6,47.97,41.43,55.75,77.89,1160.51,44.93,89.85,7.79,1934.00
לב השרון,lev_hasharon,מועצה אזורית,ברוטו-ברוטו,8,18,22.7,52.35,35.66,47.86,,,90.64,181.27,-4.50,3464.00
להבים,lehavim,מועצה מקומית,ברוטו-ברוטו,9,1271,6.4,66.90,44.59,59.83,164.01,678.31,65.28,130.57,-7.07,1461.00
לוד,lod,עירייה,ברוטו-ברוטו,4,7000,72.2,45.69,37.03,49.99,67.81,1060.72,72.12,144.23,4.31,2947.00
לכיש,lahish,מועצה אזורית,ברוטו-ברוטו,5,50,10.2,43.17,33.69,45.29,,,55.00,109.98,2.12,5580.00
לקיה,lakiye,מועצה מקומית,ברוטו,1,1060,11.2,43.91,33.62,39.52,147.57,431.43,38.08,76.17,-4.38,4413.00
מבואות החרמון,mevoot_hahermon,מועצה אזורית,ברוטו-ברוטו,6,55,6.8,45.33,31.84,42.74,,,34.75,69.49,-2.59,6793.00
מבשרת ציון,mevaseret_tsiyon,מועצה מקומית,ברוטו-ברוטו,8,1015,24.3,58.17,59.02,79.60,108.79,1681.09,88.32,176.64,21.43,2554.00
מג'ד אל-כרום,majd_al_krum,מועצה מקומית,#VALUE!,2,0516,14.5,43.91,32.68,,,,,,-43.91,3940.00
מג'דל שמס,majdel_shams,מועצה מקומית,ברוטו-ברוטו,2,4201,10.5,43.91,32.75,44.00,76.90,755.62,22.18,48.57,0.09,2722.00
מגאר,mrar,מועצה מקומית,ברוטו,2,0481,21.3,43.91,32.66,38.38,101.52,582.51,22.18,48.57,-5.53,4117.00
מגדל,migdal,מועצה מקומית,ברוטו-ברוטו,5,0065,1.8,47.97,40.96,55.13,106.25,863.44,45.64,91.28,7.16,4203.00
מגדל העמק,migdal_haemek,עירייה,ברוטו-ברוטו,5,0874,24.8,47.97,35.62,47.85,71.34,945.22,54.29,108.58,-0.12,3124.00
מגידו,megido,מועצה אזורית,ברוטו-ברוטו,6,13,11.3,45.33,33.83,45.43,,,53.12,106.25,0.10,3926.00
מגילות ים המלח,megilot_yam_hamelach,מועצה אזורית,ברוטו-ברוטו,5,74,1.2,43.17,32.71,43.90,,,52.07,104.15,0.73,19468.00
מודיעין-מכבים-רעות*,modiin_makabim_reut,עירייה,ברוטו-ברוטו,8,1200,87,58.17,41.03,55.09,118.72,782.40,84.29,168.57,-3.08,3245.00
מודיעין עילית,modiin_ilit,עירייה,ברוטו-ברוטו,1,3797,63.2,43.91,34.27,46.06,84.93,753.03,47.65,95.30,2.15,2701.00
מזכרת בתיה,mazkeret_batya,מועצה מקומית,ברוטו-ברוטו,8,0028,11.9,58.17,46.90,62.97,96.44,1216.26,94.13,188.25,4.79,1863.00
מזרעה,mazraa,מועצה מקומית,ברוטו,2,0517,3.6,43.91,33.33,39.16,95.95,638.42,34.85,69.69,-4.75,4092.00
מטה אשר,mate_asher,מועצה אזורית,ברוטו-ברוטו,6,04,25.8,45.33,33.38,44.85,,,44.81,89.60,-0.48,5209.00
מטה בנימין,mate_binyamin,מועצה אזורית,ברוטו-ברוטו,5,73,57,43.17,35.40,47.59,,,61.26,122.53,4.42,6175.00
מטה יהודה,mate_yehuda,מועצה אזורית,ברוטו-ברוטו,6,26,51.5,45.33,36.91,49.63,,,61.42,122.84,4.30,3405.00
מטולה,metula,מועצה מקומית,ברוטו-ברוטו,7,0043,1.6,52.89,37.92,50.93,115.52,689.25,36.10,72.19,-1.96,3808.00
מיתר,meitar,מועצה מקומית,ברוטו-ברוטו,9,1268,7.1,66.90,50.10,67.27,144.75,956.33,65.28,130.57,0.36,2297.00
מנשה,menashe,מועצה אזורית,ברוטו-ברוטו,6,14,18.6,45.33,33.32,44.83,,,63.11,126.21,-0.50,4159.00
מסעדה,masade,מועצה מקומית,ברוטו-ברוטו,2,4203,3.4,43.91,32.85,44.14,89.81,660.13,22.18,48.57,0.23,6193.00
מעיליא,miilya,מועצה מקומית,ברוטו,5,0518,3.2,47.97,32.68,38.39,116.35,512.78,44.81,89.60,-9.58,3697.00
מעלה אדומים,maale_adomim,עירייה,ברוטו-ברוטו,5,3616,37.4,47.97,42.47,57.20,93.78,1034.60,61.26,122.53,9.23,2960.00
מעלה אפרים,maale_efraim,מועצה מקומית,ברוטו-ברוטו,5,3608,1.1,47.97,34.49,46.29,76.73,834.66,52.07,104.15,-1.68,12561.00
מעלה יוסף,maale_yosef,מועצה אזורית,ברוטו-ברוטו,5,52,9.6,43.17,31.81,42.74,,,38.09,76.16,-0.44,8638.00
מעלה עירון,maale_iron,מועצה מקומית,ברוטו-ברוטו,2,1327,13.9,43.91,32.68,43.90,102.02,580.51,41.72,83.44,0.00,3247.00
מעלות-תרשיחא,maalot_tarshiha,עירייה,ברוטו-ברוטו,5,1063,21.2,47.97,37.12,49.89,77.56,949.29,44.81,89.60,1.92,3349.00
מצפה רמון,mitspe_ramon,מועצה מקומית,ברוטו-ברוטו,4,0099,5,45.69,35.93,48.28,95.00,744.48,25.78,51.55,2.59,5118.00
מרום הגליל,merom_hagalil,מועצה אזורית,ברוטו-ברוטו,5,02,14.6,43.17,32.67,43.90,,,34.75,69.49,0.72,6405.00
מרחבים,merhavim,מועצה אזורית,ברוטו-ברוטו,5,42,12.4,43.17,33.52,45.06,,,48.96,97.93,1.88,5710.00
משגב,misgav,מועצה אזורית,ברוטו-ברוטו,7,56,26,47.60,35.24,49.74,,,54.91,109.81,2.14,4597.00
משהד,mishad,מועצה מקומית,ברוטו-ברוטו,2,0520,7.7,43.91,34.93,46.97,103.98,648.74,42.22,84.45,3.06,3378.00
נהרייה,nahariya,עירייה,ברוטו-ברוטו,5,9100,53.9,47.97,47.98,64.70,72.96,1599.40,44.81,89.60,16.73,2845.00
נחל שורק,nahal_sorek,מועצה אזורית,ברוטו,4,31,8.2,41.12,33.02,38.85,,,58.19,116.38,-2.27,7305.00
נחף,nahef,מועצה מקומית,ברוטו-ברוטו,2,0522,11.9,43.91,33.86,45.49,87.96,712.76,34.85,69.69,1.59,4886.00
נס ציונה,nes_tsiyona,עירייה,ברוטו-ברוטו,7,7200,45.8,52.89,44.28,59.58,102.79,1032.02,108.25,216.49,6.69,2363.00
נצרת,nazareth_natsrat,עירייה,ברוטו-ברוטו,3,7300,74.6,44.79,33.10,44.45,98.06,617.27,55.49,110.99,-0.33,2240.00
נצרת עילית,natsrat_ilit,עירייה,ברוטו-ברוטו,5,1061,40.3,47.97,37.10,49.86,69.86,1037.85,54.29,108.58,1.89,2712.00
נשר,nesher,עירייה,ברוטו-ברוטו,7,2500,23.5,52.89,33.62,45.10,70.20,860.31,76.11,152.23,-7.79,1815.00
נתיבות,netivot,עירייה,ברוטו-ברוטו,3,0246,30.3,44.79,32.64,43.84,73.57,781.03,43.52,87.05,-0.95,4443.00
נתניה,netanya,עירייה,ברוטו,5,7400,202.4,47.97,57.38,67.82,81.52,2016.43,74.16,148.31,19.85,2148.00
סאג'ור,sajur,מועצה מקומית,ברוטו-ברוטו,3,0525,4,44.79,33.17,44.57,122.42,502.78,39.83,79.65,-0.22,4885.00
סביון*,savyon,מועצה מקומית,ברוטו-ברוטו,10,0587,3.6,76.93,39.08,52.31,312.49,278.53,112.32,224.64,-24.62,1205.00
סח'נין,sahnin,עירייה,ברוטו-ברוטו,2,7500,28.6,43.91,,,,,34.94,69.88,-43.91,
עומר,omer,מועצה מקומית,ברוטו-ברוטו,10,0666,7.3,76.93,55.00,73.84,134.89,1220.13,59.90,119.80,-3.09,5074.00
עיילבון,ilabun,מועצה מקומית,ברוטו-ברוטו,4,0530,5.4,45.69,32.68,43.90,87.09,672.30,39.94,79.86,-1.78,3776.00
עילוט,ilut,מועצה מקומית,ברוטו,2,0511,7.4,43.91,32.64,38.36,129.78,460.65,34.94,69.88,-5.55,4764.00
עין מאהל,eyn_mahel,מועצה מקומית,#VALUE!,2,0532,12.3,43.91,,,,,34.94,69.88,-43.91,
עין קנייא,eyn_kinya,מועצה מקומית,ברוטו-ברוטו,2,4502,1.9,43.91,32.68,43.88,85.66,682.31,34.94,69.88,-0.03,6141.00
עכו,acre_ako,עירייה,ברוטו-ברוטו,4,7600,47.5,45.69,41.49,55.86,64.71,1355.00,39.94,79.86,10.18,3411.00
עמנואל,emanuel,מועצה מקומית,נטו,2,3660,3.2,43.91,33.11,34.42,83.30,717.62,47.65,95.30,-9.49,7232.00
עמק הירדן,emek_hayarden,מועצה אזורית,ברוטו-ברוטו,5,06,12.4,43.17,32.62,43.83,,,32.80,71.81,0.66,6249.00
עמק המעיינות,emek_hamaayanot,מועצה אזורית,ברוטו-ברוטו,5,07,12,43.17,34.95,46.99,,,45.15,90.31,3.82,7128.00
עמק חפר,emek_hefer,מועצה אזורית,ברוטו-ברוטו,8,16,41.1,52.35,41.86,56.28,,,90.64,181.27,3.93,3078.00
עמק יזרעאל,emek_yizrael,מועצה אזורית,ברוטו-ברוטו,7,09,35.9,47.60,36.16,48.56,,,64.92,129.86,0.96,3701.00
עמק לוד,emek_lod,מועצה אזורית,ברוטו-ברוטו,5,40,14.4,43.17,34.45,46.32,,,81.14,162.26,3.15,2821.00
עספיא,ossfiya,מועצה מקומית,ברוטו-ברוטו,4,0534,11.7,45.69,33.56,45.68,82.33,744.32,,,0.00,3308.00
עפולה,afula,עירייה,ברוטו-ברוטו,5,7700,43.8,47.97,34.65,46.53,81.66,796.50,53.12,106.25,-1.44,2828.00
עראבה,arabe,מועצה מקומית,ברוטו-ברוטו,2,0531,23.5,43.91,32.70,43.92,98.55,600.10,22.55,45.11,0.01,4121.00
ערבות הירדן,arvot_hayarden,מועצה אזורית,ברוטו-ברוטו,6,75,4.2,45.33,33.28,44.71,,,24.65,49.30,-0.62,13504.00
ערד,arad,עירייה,ברוטו-ברוטו,5,2560,24.2,47.97,40.20,54.08,74.21,1143.44,29.00,58.00,6.11,2838.00
ערערה,arara,מועצה מקומית,ברוטו-ברוטו,2,0637,23.6,43.91,33.34,44.79,128.67,484.30,49.08,98.16,0.89,2986.00
ערערה-בנגב,arara_banegev,מועצה מקומית,#VALUE!,2,1192,15.3,43.91,33.07,,,,38.08,76.17,-43.91,3044.00
פוריידיס,furaydis,מועצה מקומית,ברוטו-ברוטו,2,0537,12.1,43.91,,,,,49.08,98.16,-43.91,
פסוטה,fasuta,מועצה מקומית,ברוטו-ברוטו,4,0535,3,45.69,33.80,45.39,90.33,693.52,33.86,67.70,-0.29,4712.00
פקיעין (בוקייעה),pkiin_bukea,מועצה מקומית,ברוטו-ברוטו,4,0536,5.6,45.69,32.81,44.06,80.69,725.85,39.83,79.65,-1.62,5089.00
פרדס חנה-כרכור,pardes_hana_karkur,מועצה מקומית,ברוטו-ברוטו,6,7800,36.7,50.37,41.76,56.17,94.05,999.90,63.11,126.21,5.81,2405.00
פרדסייה,pardesiya,מועצה מקומית,ברוטו-ברוטו,6,0171,5.4,50.37,44.05,59.30,140.75,765.41,74.16,148.31,8.93,2609.00
פתח תקווה,petah_tikva,עירייה,ברוטו,6,7900,225.4,50.37,60.16,71.10,75.97,2308.37,96.88,193.75,20.73,1726.00
צפת,tsfat,עירייה,נטו,4,8000,32.9,45.69,38.22,38.01,92.59,857.40,30.89,61.77,-7.68,3522.00
קדומים,kdumim,מועצה מקומית,ברוטו-ברוטו,5,3557,4.2,47.97,43.66,58.82,96.66,1061.22,61.26,122.53,10.85,6690.00
קדימה-צורן,kadima_tsoran,מועצה מקומית,ברוטו-ברוטו,7,0195,19.6,52.89,45.66,61.45,111.37,1017.97,90.64,181.27,8.56,1815.00
קלנסווה,kalanswa,עירייה,ברוטו-ברוטו,2,0638,21,43.91,32.85,44.12,89.56,661.57,57.68,115.35,0.21,2349.00
קצרין,katsrin,מועצה מקומית,ברוטו-ברוטו,5,4100,6.8,47.97,33.32,44.73,75.42,794.07,28.52,62.44,-3.24,5910.00
קריית אונו,kiryat_ono,עירייה,ברוטו-ברוטו,8,2620,36.6,58.17,59.40,80.10,80.59,2161.63,116.78,233.57,21.93,2468.00
קריית ארבע,kiryat_arba,מועצה מקומית,ברוטו-ברוטו,4,3611,7,45.69,33.74,45.32,73.82,828.61,46.29,92.58,-0.36,7721.00
קריית אתא,kiryat_ata,עירייה,ברוטו-ברוטו,5,6800,54.3,47.97,42.92,57.79,74.77,1281.60,62.27,124.55,9.82,2752.00
קריית ביאליק,kiryat_biyalik,עירייה,ברוטו-ברוטו,6,9500,39,50.37,50.05,67.48,73.93,1706.70,62.27,124.55,17.12,1592.00
קריית גת,kiryat_gat,עירייה,ברוטו-ברוטו,4,2630,50.6,45.69,39.13,52.65,71.53,1122.31,57.51,115.02,6.97,3367.00
קריית טבעון,kiryat_tivon,מועצה מקומית,ברוטו-ברוטו,8,2300,17.6,58.17,42.84,57.53,106.63,937.60,64.69,129.39,-0.64,2524.00
קריית ים,kiryat_yam,עירייה,ברוטו-ברוטו,5,9600,38.9,47.97,45.09,60.74,63.82,1588.95,62.27,124.55,12.78,3222.00
קריית יערים,kiryat_yearim,מועצה מקומית,ברוטו-ברוטו,3,1137,3.8,44.79,39.65,53.40,106.83,807.24,54.60,109.19,8.61,4568.00
קריית מוצקין,kiryat_motskin,עירייה,ברוטו-ברוטו,6,8200,39.6,50.37,50.33,67.87,71.77,1763.59,62.27,124.55,17.50,2476.00
קריית מלאכי,kiryat_malahi,עירייה,ברוטו-ברוטו,4,1034,21.3,45.69,38.93,52.35,76.75,1047.13,57.51,115.02,6.66,4153.00
קריית עקרון,kiryat_ekron,מועצה מקומית,ברוטו-ברוטו,5,0469,10.7,47.97,40.71,54.78,94.11,952.41,77.01,154.03,6.81,2645.00
קריית שמונה,kiryat_shmona,עירייה,ברוטו-ברוטו,5,2800,23.1,47.97,32.84,44.07,79.00,741.10,34.75,69.49,-3.90,4352.00
קרני שומרון,kernei_shomron,מועצה מקומית,ברוטו-ברוטו,6,3640,6.7,50.37,34.00,45.64,112.18,573.27,61.26,122.53,-4.73,6428.00
ראמה,rame,מועצה מקומית,ברוטו-ברוטו,4,0543,7.3,45.69,33.95,45.62,109.12,586.78,39.83,79.65,-0.07,5295.00
ראש העין,rosh_haayin,עירייה,ברוטו-ברוטו,6,2640,42.2,50.37,42.62,57.41,96.43,1016.40,84.24,168.48,7.04,2877.00
ראש פינה,rosh_pina,מועצה מקומית,ברוטו-ברוטו,7,0026,2.9,52.89,34.15,45.81,105.32,613.37,42.47,84.93,-7.08,2130.00
ראשון לציון,rishon_letsiyon,עירייה,ברוטו,6,8300,240.7,50.37,53.95,63.68,87.93,1701.01,88.56,177.13,13.32,1981.00
רהט,rahat,עירייה,ברוטו-ברוטו,2,1161,60.4,43.91,32.68,43.89,176.45,342.91,38.08,76.17,-0.01,3084.00
רחובות,rehovot,עירייה,ברוטו,6,8400,128.9,50.37,58.77,69.43,78.41,2165.52,88.56,177.13,19.06,2139.00
ריינה,reyne,מועצה מקומית,ברוטו-ברוטו,3,0542,18.2,44.79,32.79,44.04,114.34,524.82,48.26,96.51,-0.74,2851.00
רכסים,rehasim,מועצה מקומית,ברוטו-ברוטו,2,0922,10.3,43.91,30.66,41.15,80.22,641.47,41.17,82.34,-2.75,3407.00
רמלה,ramla,עירייה,ברוטו-ברוטו,4,8500,72.3,45.69,37.83,50.88,69.82,1076.18,72.12,144.23,5.19,2809.00
רמת גן,ramat_gan,עירייה,נטו,7,8600,150.9,52.89,62.76,65.52,81.68,2356.06,134.29,268.61,12.63,1866.00
רמת השרון,ramat_hasharon,עירייה,ברוטו-ברוטו,9,2650,44.1,66.90,59.22,79.73,109.64,1680.45,108.28,216.59,12.83,1922.00
רמת ישי,ramat_yishay,מועצה מקומית,ברוטו-ברוטו,8,0122,7.5,58.17,43.89,58.96,118.94,888.98,64.92,129.86,0.79,1563.00
רמת נגב,ramat_negev,מועצה אזורית,ברוטו-ברוטו,5,48,6.4,43.17,39.26,52.88,,,53.12,106.25,9.71,7130.00
רעננה,raanana,עירייה,ברוטו-ברוטו,8,8700,70.2,58.17,45.98,61.80,110.50,1038.83,102.96,205.92,3.63,2136.00
שבלי - אום אל-גנם,shibli_um_al_ranem,מועצה מקומית,ברוטו-ברוטו,2,0913,5.6,43.91,32.70,43.93,96.30,613.41,55.69,111.38,0.02,4332.00
שגב-שלום,segev_shalom,מועצה מקומית,ברוטו,2,1286,8.8,43.91,32.95,38.73,127.15,478.64,38.08,76.17,-5.17,5119.00
שדות נגב,sdot_negev,מועצה אזורית,ברוטו-ברוטו,5,39,9.1,43.17,34.13,45.87,,,48.96,97.93,2.70,8833.00
שדרות,sderot,עירייה,ברוטו-ברוטו,4,1031,22.5,45.69,34.92,46.92,69.97,926.07,48.89,97.76,1.23,5744.00
שוהם,shoham,מועצה מקומית,ברוטו-ברוטו,8,1304,20,58.17,46.01,61.85,117.47,984.26,84.29,168.57,3.68,2751.00
שומרון,shomron,מועצה אזורית,ברוטו-ברוטו,5,72,34.1,43.17,34.52,46.40,,,52.07,104.15,3.23,7320.00
שלומי,shlomi,מועצה מקומית,ברוטו-ברוטו,5,0812,6.3,47.97,33.10,44.43,95.34,633.57,44.81,89.60,-3.54,3562.00
שעב,shaab,מועצה מקומית,ברוטו-ברוטו,2,0538,6.5,43.91,32.70,43.93,80.93,719.33,34.94,69.88,0.03,4823.00
שער הנגב,shaar_hanegev,מועצה אזורית,ברוטו-ברוטו,6,37,7.2,45.33,37.35,50.24,,,55.00,109.98,4.91,11829.00
שפיר,shafir,מועצה אזורית,נטו,5,34,10.3,43.17,32.23,35.00,,,64.70,129.39,-8.17,6228.00
שפרעם,shfaram,עירייה,ברוטו-ברוטו,3,8800,39.2,44.79,33.16,44.54,95.44,635.43,45.93,91.84,-0.24,2440.00
תל אביב -יפו,tel_aviv_yafo,עירייה,נטו,8,5000,426.1,58.17,47.75,49.64,76.54,1525.75,134.29,268.61,-8.54,1632.00
תל מונד,tel_mond,מועצה מקומית,ברוטו-ברוטו,9,0154,11.7,66.90,43.90,58.90,120.60,877.97,98.88,197.75,-8.01,3480.00
תל שבע,tel_sheva,מועצה מקומית,ברוטו-ברוטו,1,1054,18.1,43.91,33.53,45.05,169.56,375.09,38.08,76.17,1.14,2836.00
תמר,tamar,מועצה אזורית,ברוטו-ברוטו,5,51,1.4,43.17,33.20,44.63,,,29.00,58.00,1.46,7967.00